{"ApplicationSettings":[{"Key":"Berlin-Main","Value":{"ListViewSettings":[{"Key":"LeftListView.Main","Value":{"ColumnState":[{"Key":"Category","Value":{"DisplayIndex":0,"FilterValues":null,"IsVisible":true,"Width":81}},{"Key":"ScheduledStart","Value":{"DisplayIndex":1,"FilterValues":null,"IsVisible":true,"Width":121}},{"Key":"EstimatedToComplete","Value":{"DisplayIndex":2,"FilterValues":null,"IsVisible":true,"Width":47}},{"Key":"ChangeoverTime","Value":{"DisplayIndex":3,"FilterValues":null,"IsVisible":true,"Width":45}},{"Key":"Status","Value":{"DisplayIndex":4,"FilterValues":null,"IsVisible":true,"Width":64}},{"Key":"Priority","Value":{"DisplayIndex":5,"FilterValues":null,"IsVisible":true,"Width":34}},{"Key":"OrderName","Value":{"DisplayIndex":6,"FilterValues":null,"IsVisible":true,"Width":79}},{"Key":"EndDateTime","Value":{"DisplayIndex":7,"FilterValues":null,"IsVisible":true,"Width":121}},{"Key":"JobName","Value":{"DisplayIndex":8,"FilterValues":null,"IsVisible":true,"Width":87}},{"Key":"JobCountInGroup","Value":{"DisplayIndex":9,"FilterValues":null,"IsVisible":true,"Width":31}},{"Key":"WrkCtrName","Value":{"DisplayIndex":10,"FilterValues":null,"IsVisible":true,"Width":214}},{"Key":"PreviousJobStatus","Value":{"DisplayIndex":12,"FilterValues":null,"IsVisible":true,"Width":50}},{"Key":"NextJobStatus","Value":{"DisplayIndex":13,"FilterValues":null,"IsVisible":true,"Width":50}},{"Key":"DeliveryDateStatus","Value":{"DisplayIndex":14,"FilterValues":null,"IsVisible":true,"Width":50}},{"Key":"MaterialAvailablility","Value":{"DisplayIndex":15,"FilterValues":null,"IsVisible":true,"Width":50}},{"Key":"ToolAvailablility","Value":{"DisplayIndex":16,"FilterValues":null,"IsVisible":true,"Width":50}},{"Key":"Group","Value":{"DisplayIndex":17,"FilterValues":null,"IsVisible":true,"Width":142}},{"Key":"GetJobData(5637144576)","Value":{"DisplayIndex":18,"FilterValues":null,"IsVisible":true,"Width":130}},{"Key":"GetJobData(5637145326)","Value":{"DisplayIndex":19,"FilterValues":null,"IsVisible":true,"Width":31}},{"Key":"GetJobData(5637146076)","Value":{"DisplayIndex":24,"FilterValues":null,"IsVisible":true,"Width":153}},{"Key":"GetJobData(5637146826)","Value":{"DisplayIndex":20,"FilterValues":null,"IsVisible":true,"Width":31}},{"Key":"GetJobData(5637146827)","Value":{"DisplayIndex":21,"FilterValues":null,"IsVisible":true,"Width":31}},{"Key":"GetJobData(5637146828)","Value":{"DisplayIndex":22,"FilterValues":null,"IsVisible":true,"Width":31}},{"Key":"GetJobData(5637146829)","Value":{"DisplayIndex":23,"FilterValues":null,"IsVisible":true,"Width":90}},{"Key":"GetJobData(5637147576)","Value":{"DisplayIndex":25,"FilterValues":null,"IsVisible":true,"Width":31}},{"Key":"GetJobData(5637149076)","Value":{"DisplayIndex":11,"FilterValues":null,"IsVisible":true,"Width":55}}],"GroupByColumn":null,"IsShowingGroups":false,"SortColumn":"GetJobData(5637149076)","SortOrder":"Descending"}}],"OtherSettings":[{"Key":"Main.Size","Value":"6240;2683;-9;-9;3858;2178"},{"Key":"Main.Settings","Value":"1286;814;1286"},{"Key":"MainGantt.Settings","Value":"64"},{"Key":"DetailsGantt.Settings","Value":"51"},{"Key":"RightTopFlowLayout.Layout","Value":"Layout1"},{"Key":"RightTopFlowLayout.Width1","Value":"971"},{"Key":"RightTopFlowLayout.Width2","Value":"857"},{"Key":"RightTopFlowLayout.Width3","Value":"857"}]}},{"Key":"La Salle-Main","Value":{"ListViewSettings":[{"Key":"LeftListView.Main","Value":{"ColumnState":[{"Key":"Category","Value":{"DisplayIndex":0,"FilterValues":null,"IsVisible":true,"Width":49}},{"Key":"ScheduledStart","Value":{"DisplayIndex":1,"FilterValues":null,"IsVisible":true,"Width":121}},{"Key":"EstimatedToComplete","Value":{"DisplayIndex":2,"FilterValues":null,"IsVisible":true,"Width":47}},{"Key":"Status","Value":{"DisplayIndex":3,"FilterValues":null,"IsVisible":true,"Width":64}},{"Key":"Priority","Value":{"DisplayIndex":4,"FilterValues":null,"IsVisible":true,"Width":31}},{"Key":"OrderName","Value":{"DisplayIndex":5,"FilterValues":null,"IsVisible":true,"Width":92}},{"Key":"EndDateTime","Value":{"DisplayIndex":6,"FilterValues":null,"IsVisible":true,"Width":121}},{"Key":"JobName","Value":{"DisplayIndex":7,"FilterValues":null,"IsVisible":true,"Width":87}},{"Key":"JobCountInGroup","Value":{"DisplayIndex":8,"FilterValues":null,"IsVisible":true,"Width":31}},{"Key":"WrkCtrName","Value":{"DisplayIndex":9,"FilterValues":null,"IsVisible":true,"Width":236}},{"Key":"PreviousJobStatus","Value":{"DisplayIndex":10,"FilterValues":null,"IsVisible":true,"Width":50}},{"Key":"NextJobStatus","Value":{"DisplayIndex":11,"FilterValues":null,"IsVisible":true,"Width":50}},{"Key":"DeliveryDateStatus","Value":{"DisplayIndex":12,"FilterValues":null,"IsVisible":true,"Width":50}},{"Key":"MaterialAvailablility","Value":{"DisplayIndex":13,"FilterValues":null,"IsVisible":true,"Width":50}},{"Key":"ToolAvailablility","Value":{"DisplayIndex":14,"FilterValues":null,"IsVisible":true,"Width":50}},{"Key":"Group","Value":{"DisplayIndex":15,"FilterValues":null,"IsVisible":true,"Width":174}},{"Key":"GetJobData(5637144576)","Value":{"DisplayIndex":16,"FilterValues":null,"IsVisible":true,"Width":82}},{"Key":"GetJobData(5637144577)","Value":{"DisplayIndex":17,"FilterValues":null,"IsVisible":true,"Width":98}},{"Key":"GetJobData(5637144578)","Value":{"DisplayIndex":18,"FilterValues":null,"IsVisible":true,"Width":91}},{"Key":"GetJobData(5637144579)","Value":{"DisplayIndex":19,"FilterValues":null,"IsVisible":true,"Width":87}},{"Key":"GetJobData(5637144580)","Value":{"DisplayIndex":20,"FilterValues":null,"IsVisible":true,"Width":95}},{"Key":"GetJobData(5637144582)","Value":{"DisplayIndex":21,"FilterValues":null,"IsVisible":true,"Width":63}},{"Key":"GetJobData(5637144583)","Value":{"DisplayIndex":22,"FilterValues":null,"IsVisible":true,"Width":172}},{"Key":"GetJobData(5637145326)","Value":{"DisplayIndex":23,"FilterValues":null,"IsVisible":true,"Width":74}},{"Key":"GetJobData(5637145331)","Value":{"DisplayIndex":24,"FilterValues":null,"IsVisible":true,"Width":74}},{"Key":"GetJobData(5637145332)","Value":{"DisplayIndex":25,"FilterValues":null,"IsVisible":true,"Width":83}},{"Key":"GetJobData(5637145333)","Value":{"DisplayIndex":26,"FilterValues":null,"IsVisible":true,"Width":77}},{"Key":"GetJobData(5637145334)","Value":{"DisplayIndex":27,"FilterValues":null,"IsVisible":true,"Width":100}},{"Key":"GetJobData(5637145335)","Value":{"DisplayIndex":28,"FilterValues":null,"IsVisible":true,"Width":31}},{"Key":"GetJobData(5637145336)","Value":{"DisplayIndex":29,"FilterValues":null,"IsVisible":true,"Width":31}},{"Key":"GetJobData(5637145337)","Value":{"DisplayIndex":30,"FilterValues":null,"IsVisible":true,"Width":39}},{"Key":"GetJobData(5637145338)","Value":{"DisplayIndex":31,"FilterValues":null,"IsVisible":true,"Width":39}},{"Key":"GetJobData(5637145339)","Value":{"DisplayIndex":32,"FilterValues":null,"IsVisible":true,"Width":55}},{"Key":"GetJobData(5637145342)","Value":{"DisplayIndex":33,"FilterValues":null,"IsVisible":true,"Width":31}},{"Key":"GetJobData(5637145343)","Value":{"DisplayIndex":34,"FilterValues":null,"IsVisible":true,"Width":31}},{"Key":"GetJobData(5637145344)","Value":{"DisplayIndex":35,"FilterValues":null,"IsVisible":true,"Width":31}},{"Key":"GetJobData(5637145347)","Value":{"DisplayIndex":36,"FilterValues":null,"IsVisible":true,"Width":31}},{"Key":"GetJobData(5637145349)","Value":{"DisplayIndex":37,"FilterValues":null,"IsVisible":true,"Width":31}},{"Key":"GetJobData(5637145352)","Value":{"DisplayIndex":38,"FilterValues":null,"IsVisible":true,"Width":31}},{"Key":"GetJobData(5637146076)","Value":{"DisplayIndex":39,"FilterValues":null,"IsVisible":true,"Width":105}},{"Key":"GetJobData(5637146077)","Value":{"DisplayIndex":40,"FilterValues":null,"IsVisible":true,"Width":107}},{"Key":"GetJobData(5637146078)","Value":{"DisplayIndex":41,"FilterValues":null,"IsVisible":true,"Width":107}},{"Key":"GetJobData(5637146079)","Value":{"DisplayIndex":42,"FilterValues":null,"IsVisible":true,"Width":113}},{"Key":"GetJobData(5637146080)","Value":{"DisplayIndex":43,"FilterValues":null,"IsVisible":true,"Width":31}},{"Key":"GetJobData(5637146081)","Value":{"DisplayIndex":44,"FilterValues":null,"IsVisible":true,"Width":31}},{"Key":"GetJobData(5637146082)","Value":{"DisplayIndex":45,"FilterValues":null,"IsVisible":true,"Width":31}},{"Key":"GetJobData(5637146083)","Value":{"DisplayIndex":46,"FilterValues":null,"IsVisible":true,"Width":31}},{"Key":"GetJobData(5637146084)","Value":{"DisplayIndex":47,"FilterValues":null,"IsVisible":true,"Width":31}},{"Key":"GetJobData(5637146085)","Value":{"DisplayIndex":48,"FilterValues":null,"IsVisible":true,"Width":31}},{"Key":"GetJobData(5637146086)","Value":{"DisplayIndex":49,"FilterValues":null,"IsVisible":true,"Width":72}},{"Key":"GetJobData(5637146087)","Value":{"DisplayIndex":50,"FilterValues":null,"IsVisible":true,"Width":31}},{"Key":"GetJobData(5637146088)","Value":{"DisplayIndex":51,"FilterValues":null,"IsVisible":true,"Width":31}},{"Key":"GetJobData(5637146089)","Value":{"DisplayIndex":52,"FilterValues":null,"IsVisible":true,"Width":237}},{"Key":"GetJobData(5637146091)","Value":{"DisplayIndex":53,"FilterValues":null,"IsVisible":true,"Width":31}},{"Key":"GetJobData(5637146092)","Value":{"DisplayIndex":54,"FilterValues":null,"IsVisible":true,"Width":31}},{"Key":"GetJobData(5637146093)","Value":{"DisplayIndex":55,"FilterValues":null,"IsVisible":true,"Width":86}},{"Key":"GetJobData(5637146827)","Value":{"DisplayIndex":56,"FilterValues":null,"IsVisible":true,"Width":39}},{"Key":"GetJobData(5637146829)","Value":{"DisplayIndex":57,"FilterValues":null,"IsVisible":true,"Width":61}},{"Key":"GetJobData(5637146830)","Value":{"DisplayIndex":58,"FilterValues":null,"IsVisible":true,"Width":31}},{"Key":"GetJobData(5637146831)","Value":{"DisplayIndex":59,"FilterValues":null,"IsVisible":true,"Width":31}},{"Key":"GetJobData(5637147576)","Value":{"DisplayIndex":60,"FilterValues":null,"IsVisible":true,"Width":92}},{"Key":"GetJobData(5637148326)","Value":{"DisplayIndex":61,"FilterValues":null,"IsVisible":true,"Width":317}},{"Key":"GetJobData(5637149076)","Value":{"DisplayIndex":62,"FilterValues":null,"IsVisible":true,"Width":88}}],"GroupByColumn":null,"IsShowingGroups":false,"SortColumn":"WrkCtrName","SortOrder":"Ascending"}}],"OtherSettings":[{"Key":"Main.Size","Value":"6240;2683;-9;-9;3858;2178"},{"Key":"Main.Settings","Value":"1286;726;1286"},{"Key":"MainGantt.Settings","Value":"100"},{"Key":"DetailsGantt.Settings","Value":"100"},{"Key":"RightTopFlowLayout.Layout","Value":"Layout3"},{"Key":"RightTopFlowLayout.Width1","Value":"857"},{"Key":"RightTopFlowLayout.Width2","Value":"857"},{"Key":"RightTopFlowLayout.Width3","Value":"857"}]}},{"Key":"-Main","Value":{"ListViewSettings":[{"Key":"LeftListView.Main","Value":{"ColumnState":[{"Key":"ScheduledStart","Value":{"DisplayIndex":0,"FilterValues":null,"IsVisible":true,"Width":151}},{"Key":"Duration","Value":{"DisplayIndex":1,"FilterValues":null,"IsVisible":true,"Width":77}},{"Key":"Status","Value":{"DisplayIndex":2,"FilterValues":null,"IsVisible":true,"Width":64}},{"Key":"Priority","Value":{"DisplayIndex":3,"FilterValues":null,"IsVisible":true,"Width":31}},{"Key":"OrderName","Value":{"DisplayIndex":4,"FilterValues":null,"IsVisible":true,"Width":68}},{"Key":"EndDateTime","Value":{"DisplayIndex":5,"FilterValues":null,"IsVisible":true,"Width":121}},{"Key":"JobName","Value":{"DisplayIndex":6,"FilterValues":null,"IsVisible":true,"Width":79}},{"Key":"JobCountInGroup","Value":{"DisplayIndex":7,"FilterValues":null,"IsVisible":true,"Width":31}},{"Key":"WrkCtrName","Value":{"DisplayIndex":8,"FilterValues":null,"IsVisible":true,"Width":181}},{"Key":"PreviousJobStatus","Value":{"DisplayIndex":9,"FilterValues":null,"IsVisible":true,"Width":50}},{"Key":"NextJobStatus","Value":{"DisplayIndex":10,"FilterValues":null,"IsVisible":true,"Width":50}},{"Key":"DeliveryDateStatus","Value":{"DisplayIndex":11,"FilterValues":null,"IsVisible":true,"Width":50}},{"Key":"MaterialAvailablility","Value":{"DisplayIndex":12,"FilterValues":null,"IsVisible":true,"Width":50}},{"Key":"ToolAvailablility","Value":{"DisplayIndex":13,"FilterValues":null,"IsVisible":true,"Width":50}},{"Key":"Group","Value":{"DisplayIndex":14,"FilterValues":null,"IsVisible":true,"Width":99}},{"Key":"GetJobData(5637144576)","Value":{"DisplayIndex":15,"FilterValues":null,"IsVisible":true,"Width":180}},{"Key":"GetJobData(5637144578)","Value":{"DisplayIndex":16,"FilterValues":null,"IsVisible":true,"Width":31}},{"Key":"GetJobData(5637144579)","Value":{"DisplayIndex":17,"FilterValues":null,"IsVisible":true,"Width":31}},{"Key":"GetJobData(5637144580)","Value":{"DisplayIndex":18,"FilterValues":null,"IsVisible":true,"Width":31}},{"Key":"GetJobData(5637145327)","Value":{"DisplayIndex":19,"FilterValues":null,"IsVisible":true,"Width":224}}],"GroupByColumn":null,"IsShowingGroups":false,"SortColumn":"Duration","SortOrder":"Descending"}}],"OtherSettings":[{"Key":"Main.Size","Value":"6240;2683;0;0;2241;1325"},{"Key":"Main.Settings","Value":"747;441;747"},{"Key":"MainGantt.Settings","Value":"100"},{"Key":"DetailsGantt.Settings","Value":"100"},{"Key":"RightTopFlowLayout.Layout","Value":"Layout1"},{"Key":"RightTopFlowLayout.Width1","Value":"498"},{"Key":"RightTopFlowLayout.Width2","Value":"498"},{"Key":"RightTopFlowLayout.Width3","Value":"498"}]}},{"Key":"Berlin-Memory1","Value":{"ListViewSettings":[{"Key":"LeftListView.Main","Value":{"ColumnState":[{"Key":"Category","Value":{"DisplayIndex":0,"FilterValues":null,"IsVisible":true,"Width":81}},{"Key":"ScheduledStart","Value":{"DisplayIndex":1,"FilterValues":null,"IsVisible":true,"Width":121}},{"Key":"Duration","Value":{"DisplayIndex":2,"FilterValues":null,"IsVisible":true,"Width":39}},{"Key":"Status","Value":{"DisplayIndex":3,"FilterValues":null,"IsVisible":true,"Width":64}},{"Key":"Priority","Value":{"DisplayIndex":4,"FilterValues":null,"IsVisible":true,"Width":31}},{"Key":"OrderName","Value":{"DisplayIndex":5,"FilterValues":null,"IsVisible":true,"Width":79}},{"Key":"EndDateTime","Value":{"DisplayIndex":6,"FilterValues":null,"IsVisible":true,"Width":121}},{"Key":"JobName","Value":{"DisplayIndex":7,"FilterValues":null,"IsVisible":true,"Width":87}},{"Key":"JobCountInGroup","Value":{"DisplayIndex":8,"FilterValues":null,"IsVisible":true,"Width":31}},{"Key":"WrkCtrName","Value":{"DisplayIndex":9,"FilterValues":null,"IsVisible":true,"Width":214}},{"Key":"PreviousJobStatus","Value":{"DisplayIndex":10,"FilterValues":null,"IsVisible":true,"Width":50}},{"Key":"NextJobStatus","Value":{"DisplayIndex":11,"FilterValues":null,"IsVisible":true,"Width":50}},{"Key":"DeliveryDateStatus","Value":{"DisplayIndex":12,"FilterValues":null,"IsVisible":true,"Width":50}},{"Key":"MaterialAvailablility","Value":{"DisplayIndex":13,"FilterValues":null,"IsVisible":true,"Width":50}},{"Key":"ToolAvailablility","Value":{"DisplayIndex":14,"FilterValues":null,"IsVisible":true,"Width":50}},{"Key":"Group","Value":{"DisplayIndex":15,"FilterValues":null,"IsVisible":true,"Width":142}},{"Key":"GetJobData(5637144576)","Value":{"DisplayIndex":16,"FilterValues":null,"IsVisible":true,"Width":130}},{"Key":"GetJobData(5637144577)","Value":{"DisplayIndex":17,"FilterValues":null,"IsVisible":true,"Width":43}},{"Key":"GetJobData(5637144578)","Value":{"DisplayIndex":18,"FilterValues":null,"IsVisible":true,"Width":67}},{"Key":"GetJobData(5637144579)","Value":{"DisplayIndex":19,"FilterValues":null,"IsVisible":true,"Width":51}},{"Key":"GetJobData(5637144580)","Value":{"DisplayIndex":20,"FilterValues":null,"IsVisible":true,"Width":43}},{"Key":"GetJobData(5637144581)","Value":{"DisplayIndex":21,"FilterValues":null,"IsVisible":true,"Width":99}},{"Key":"GetJobData(5637144582)","Value":{"DisplayIndex":22,"FilterValues":null,"IsVisible":true,"Width":58}},{"Key":"GetJobData(5637146076)","Value":{"DisplayIndex":23,"FilterValues":null,"IsVisible":true,"Width":31}},{"Key":"GetJobData(5637146077)","Value":{"DisplayIndex":24,"FilterValues":null,"IsVisible":true,"Width":31}}],"GroupByColumn":null,"IsShowingGroups":false,"SortColumn":"EndDateTime","SortOrder":"Ascending"}}],"OtherSettings":[{"Key":"PresetText","Value":"Deadline"}]}},{"Key":"Berlin-Memory2","Value":{"ListViewSettings":[{"Key":"LeftListView.Main","Value":{"ColumnState":[{"Key":"Category","Value":{"DisplayIndex":0,"FilterValues":null,"IsVisible":true,"Width":81}},{"Key":"ScheduledStart","Value":{"DisplayIndex":1,"FilterValues":null,"IsVisible":true,"Width":121}},{"Key":"Duration","Value":{"DisplayIndex":2,"FilterValues":null,"IsVisible":true,"Width":39}},{"Key":"Status","Value":{"DisplayIndex":3,"FilterValues":null,"IsVisible":true,"Width":64}},{"Key":"Priority","Value":{"DisplayIndex":4,"FilterValues":null,"IsVisible":true,"Width":31}},{"Key":"OrderName","Value":{"DisplayIndex":5,"FilterValues":null,"IsVisible":true,"Width":79}},{"Key":"EndDateTime","Value":{"DisplayIndex":6,"FilterValues":null,"IsVisible":true,"Width":121}},{"Key":"JobName","Value":{"DisplayIndex":7,"FilterValues":null,"IsVisible":true,"Width":87}},{"Key":"JobCountInGroup","Value":{"DisplayIndex":8,"FilterValues":null,"IsVisible":true,"Width":31}},{"Key":"WrkCtrName","Value":{"DisplayIndex":9,"FilterValues":null,"IsVisible":true,"Width":214}},{"Key":"PreviousJobStatus","Value":{"DisplayIndex":10,"FilterValues":null,"IsVisible":true,"Width":50}},{"Key":"NextJobStatus","Value":{"DisplayIndex":11,"FilterValues":null,"IsVisible":true,"Width":50}},{"Key":"DeliveryDateStatus","Value":{"DisplayIndex":12,"FilterValues":null,"IsVisible":true,"Width":50}},{"Key":"MaterialAvailablility","Value":{"DisplayIndex":13,"FilterValues":null,"IsVisible":true,"Width":50}},{"Key":"ToolAvailablility","Value":{"DisplayIndex":14,"FilterValues":null,"IsVisible":true,"Width":50}},{"Key":"Group","Value":{"DisplayIndex":15,"FilterValues":null,"IsVisible":true,"Width":142}},{"Key":"GetJobData(5637144576)","Value":{"DisplayIndex":16,"FilterValues":null,"IsVisible":true,"Width":130}},{"Key":"GetJobData(5637144577)","Value":{"DisplayIndex":17,"FilterValues":null,"IsVisible":true,"Width":43}},{"Key":"GetJobData(5637144578)","Value":{"DisplayIndex":18,"FilterValues":null,"IsVisible":true,"Width":67}},{"Key":"GetJobData(5637144579)","Value":{"DisplayIndex":19,"FilterValues":null,"IsVisible":true,"Width":51}},{"Key":"GetJobData(5637144580)","Value":{"DisplayIndex":20,"FilterValues":null,"IsVisible":true,"Width":43}},{"Key":"GetJobData(5637144581)","Value":{"DisplayIndex":21,"FilterValues":null,"IsVisible":true,"Width":99}},{"Key":"GetJobData(5637144582)","Value":{"DisplayIndex":22,"FilterValues":null,"IsVisible":true,"Width":58}},{"Key":"GetJobData(5637146076)","Value":{"DisplayIndex":23,"FilterValues":null,"IsVisible":true,"Width":31}},{"Key":"GetJobData(5637146077)","Value":{"DisplayIndex":24,"FilterValues":null,"IsVisible":true,"Width":31}}],"GroupByColumn":null,"IsShowingGroups":false,"SortColumn":"DeliveryDateStatus","SortOrder":"Descending"}}],"OtherSettings":[{"Key":"PresetText","Value":"Delivery"}]}},{"Key":"<Kein Name>-Main","Value":{"ListViewSettings":[{"Key":"LeftListView.Main","Value":{"ColumnState":[{"Key":"Category","Value":{"DisplayIndex":0,"FilterValues":null,"IsVisible":true,"Width":49}},{"Key":"ScheduledStart","Value":{"DisplayIndex":1,"FilterValues":null,"IsVisible":true,"Width":121}},{"Key":"EstimatedToComplete","Value":{"DisplayIndex":2,"FilterValues":null,"IsVisible":true,"Width":39}},{"Key":"Status","Value":{"DisplayIndex":3,"FilterValues":["Auto"],"IsVisible":true,"Width":64}},{"Key":"Priority","Value":{"DisplayIndex":4,"FilterValues":null,"IsVisible":true,"Width":31}},{"Key":"OrderName","Value":{"DisplayIndex":5,"FilterValues":null,"IsVisible":true,"Width":103}},{"Key":"EndDateTime","Value":{"DisplayIndex":6,"FilterValues":null,"IsVisible":true,"Width":121}},{"Key":"JobName","Value":{"DisplayIndex":7,"FilterValues":null,"IsVisible":true,"Width":103}},{"Key":"JobCountInGroup","Value":{"DisplayIndex":8,"FilterValues":null,"IsVisible":true,"Width":31}},{"Key":"WrkCtrName","Value":{"DisplayIndex":9,"FilterValues":null,"IsVisible":true,"Width":172}},{"Key":"PreviousJobStatus","Value":{"DisplayIndex":10,"FilterValues":null,"IsVisible":true,"Width":50}},{"Key":"NextJobStatus","Value":{"DisplayIndex":11,"FilterValues":null,"IsVisible":true,"Width":50}},{"Key":"DeliveryDateStatus","Value":{"DisplayIndex":12,"FilterValues":null,"IsVisible":true,"Width":50}},{"Key":"MaterialAvailablility","Value":{"DisplayIndex":13,"FilterValues":null,"IsVisible":true,"Width":50}},{"Key":"ToolAvailablility","Value":{"DisplayIndex":14,"FilterValues":null,"IsVisible":true,"Width":50}},{"Key":"Group","Value":{"DisplayIndex":15,"FilterValues":null,"IsVisible":true,"Width":51}},{"Key":"GetJobData(5637144576)","Value":{"DisplayIndex":16,"FilterValues":null,"IsVisible":true,"Width":40}},{"Key":"GetJobData(5637144577)","Value":{"DisplayIndex":17,"FilterValues":null,"IsVisible":true,"Width":104}},{"Key":"GetJobData(5637144578)","Value":{"DisplayIndex":18,"FilterValues":null,"IsVisible":true,"Width":93}},{"Key":"GetJobData(5637144580)","Value":{"DisplayIndex":19,"FilterValues":null,"IsVisible":true,"Width":66}},{"Key":"GetJobData(5637144581)","Value":{"DisplayIndex":20,"FilterValues":null,"IsVisible":true,"Width":318}},{"Key":"GetJobData(5637144582)","Value":{"DisplayIndex":21,"FilterValues":null,"IsVisible":true,"Width":79}},{"Key":"GetJobData(5637144584)","Value":{"DisplayIndex":22,"FilterValues":null,"IsVisible":true,"Width":31}}],"GroupByColumn":null,"IsShowingGroups":false,"SortColumn":"ScheduledStart","SortOrder":"Ascending"}}],"OtherSettings":[{"Key":"Main.Size","Value":"6240;2683;-9;-9;3858;2178"},{"Key":"Main.Settings","Value":"1286;726;1286"},{"Key":"MainGantt.Settings","Value":"100"},{"Key":"DetailsGantt.Settings","Value":"100"},{"Key":"RightTopFlowLayout.Layout","Value":"Layout1"},{"Key":"RightTopFlowLayout.Width1","Value":"857"},{"Key":"RightTopFlowLayout.Width2","Value":"857"},{"Key":"RightTopFlowLayout.Width3","Value":"857"}]}}]}